Date,Sector,Total,Signals,Spikes,Breadth,VolConfirm,Score,AvgVolRatio
2026-10-01,Auto,71,1,0,1.41,0.0,0.99,0.95
2026-10-01,Banks,36,3,1,8.33,66.67,25.83,2.72
2026-10-01,Capital Goods,79,5,3,6.33,40.0,16.43,5.94
2026-10-01,Cement & Building Materials,22,0,0,0.0,0.0,0.0,
2026-10-01,Chemicals & Agro,86,3,1,3.49,66.67,22.44,3.31
2026-10-01,Consumer Durables & Electronics,30,1,0,3.33,0.0,2.33,1.37
2026-10-01,Diversified & Others,12,1,0,8.33,100.0,35.83,2.16
2026-10-01,Education & Business Services,9,0,0,0.0,0.0,0.0,
2026-10-01,FMCG & Food,62,2,0,3.23,50.0,17.26,1.94
2026-10-01,Financial Services,85,1,1,1.18,0.0,0.82,0.67
2026-10-01,Healthcare & Pharma,79,1,1,1.27,0.0,0.89,0.34
2026-10-01,Hospitality & Travel,19,1,1,5.26,100.0,33.68,13.86
2026-10-01,IT,45,1,0,2.22,0.0,1.56,1.19
2026-10-01,Infrastructure & Construction,37,1,1,2.7,0.0,1.89,0.81
2026-10-01,Logistics & Transport,22,2,0,9.09,0.0,6.36,0.75
2026-10-01,Media & Entertainment,11,0,0,0.0,0.0,0.0,
2026-10-01,Metals & Mining,51,2,1,3.92,0.0,2.75,0.42
2026-10-01,Oil & Gas,18,2,0,11.11,0.0,7.78,0.57
2026-10-01,"Paper, Packaging & Plastics",28,2,0,7.14,50.0,20.0,1.2
2026-10-01,Power & Utilities,19,0,0,0.0,0.0,0.0,
2026-10-01,Realty,29,0,0,0.0,0.0,0.0,
2026-10-01,Retail & E-commerce,13,0,0,0.0,0.0,0.0,
2026-10-01,SME,27,0,1,0.0,0.0,0.0,
2026-10-01,Telecom,8,0,1,0.0,0.0,0.0,
2026-10-01,Textiles & Apparel,47,1,1,2.13,100.0,31.49,10.5
2026-10-01,Trading & Distribution,5,0,0,0.0,0.0,0.0,
2026-10-01,Unclassified,10,1,0,10.0,0.0,7.0,0.29
